Analista de Suporte Pleno," Empresa com ótima cultura que busca sempre estar sempre melhorando e inovando as soluções que são fabricadas dentro da empresa, possibilitando um ótimo trabalho em conjunto com os times possibilitando enorme aprendizagem de como funciona uma grande empresa de tecnologia. ", A remuneração não é tão boa e não fica muito acima em relação ao mercado de trabalho e alguns casos de demissão pontuais dentro da companhia são informados de maneira instantânea sem passar um feedback para o colaborador. , Pro-Atividade e sempre imagine maneiras de inovar.   ,0
Desenvolvedor de Programador III," Pagamento sempre em dia, bom ambiente de trabalho, plano de saude, vale alimentação e refeição, gerentes competentes e que entendem do serviço. "," A empresa não oferece um plano de cargos e salários ou pregressão de carreira, sistema de recrutamento interno não é coerente e sistema de contratação ineficiente.   ",NA,0
Analista de Banco de Dados Júnior, Ambiente descontraído horário flexível ambiente confortáve liberdade expressar suas ideias Ambulatorio medico Nutricionista Pipocas a tarde ," PLR baixa VA baixo VR Baixo Promoção costuma demorar Convênio médico para dependente Plano de carreira Férias PLR VA VR Promoção costuma demorar""",NA,0
Gerente de Projetos," Oportunidade de evolução de carreira, ambiente de trabalho equilibrado e próspero para profissionais que normalmente se destacam em seu trabalho. "," Muitos gestores que não conseguem gerir pessoas, ambiente de trabalho antiquado e que não enxerga a diversidade do profissional do século 21. "," Apesar de muitos cargos de gestão, na área em que estou atuando a empresa peca na gestão de pessoas e de processos, ficando na mão de um analista brilhante e deixando de lado a evolução de outras pessoas na equipe.   ",0
Gerente de Projetos PMO," O clima das areas de marketing no geral é incrivel. Direia que o grande forte da Claro são as pessoas. Boa localização, e por ter uma estrutura enxuta você não precisa alcançar cargos muito altos para ser envolvido em projetos grandes e com os maiores parceiros do mercado de tecnologia, inovação. "," Não há plano de carreira. Salario abaixo do mercado. Estrutura organizacional bastante inconstante, metas da empresa pouco claras, alto volume de trabalho.   ",NA,0
Analista Programador," Organização, otimas pessoas, educação e maneira de tratar o funcionário, muitas vagas de emprego e principalmente a atenção pelo telefone incrivel "," Demoram muito para reconhecer um bom funcionário e quando reconhecem ele fica preso em seu cargo por ser bom lá, e promovem o que tem mais tempo de casa por tempo não por qualidade ", Avaliem melhor os funcionários e promovam por mérito não por tempo   ,0
Gerente de Projetos, Possuímos grande liberdade de home office e flexibidade de horário (desde que seja entregue as demandas pontualmente!). O ambiente é bom de se trabalhar! , Dificuldade de promoções e aumentos de salários. O processo é extremamente engessado e praticamente só há promoção quando é para retenção do recurso. ," É necessário flexibilizar a transição interna entre equipes e cargos!""",0
Desenvolvedor Fullstack," A Empresa possui Bons Benefícios, eu fico alocado em cliente, e não tenho muito pra falar sobre a política e cultura interna da empresa, a empresa possui pagamento em dia, bons benefícios, VT, VR, VA, VC, possui convenio com algumas instituições de ensino, entretenimento, saúde, entre outros. Possui plano de saúde, odontológico e seguro de vida com desconto em folha. "," Difícil abrir vaga interna para desenvolvedor, o foco é Java. Difícil conseguir uma negociação salarial, pelo menos para quem fica aloca em cliente como eu.   ",NA,0
Analista de Suporte Júnior," Horário de trabalho. Muitas vezes isso pode ser o mais importante, se o horário for para você pode ir sem medo. tem horários variados algum ira encaixar com você. ", Baixo benefícios. A empresa sempre arruma um jeito para descontar qualquer coisa. Tem um setor de qualidade que sempre tira dinheiro dos colaboradores.   ,NA,0
Analista de Sistemas Desenvolvedor," Alguns poucos líderes são realmente muito bons, pensam de forma humana, pagamentos sempre em dia, equipe muito boa de trabalhar, sempre se esforçando "," alguns gestores só estão na empresa por conta de familiares, não há oportunidade de carreira, muitas cobranças para pouco feedback, cultura da gambiarra prevalece para tudo.   ",NA,1
Analista de Suporte Técnico," A empresa valoriza os funcionários e se preocupa com o bem estar dos mesmo, disponibilizando beneficios que realmente ajudam no dia a dia!!! "," Carreira é um assunto delicado, uma vez que 99% dos cargos estao localizados em SP! Tem que estar disposto a se mudar, para crescer e conseguir algo novo ",NA,0
Analista Desenvolvedor, Dentre os pontos positivos destaco os benefícios como plano de saúde e a cultura da empresa de acolhimento de novos profissionais e se pessoas que estão iniciando no mercado de trabalho. ," Dentre os pontos negativos destaco a desvalorização do profissional na questão salarial e no adiamento de promoções de profissionais capacitados para atuar em cargos mais altos.""",NA,0
Analista de Sistemas I," Grande compania, chances boas de crescimento. Clientes grandes, bom conhecimento no ramo varejista. Liberdade em alguns aspectos facilita o dia a dia. "," Estrutura organizacional inchada. Modelo tradicionalista, dificuldade para mudança, mixórdia na gestão. Estrutura predial precária. Politicagem deixa o cenário mais complexo e moroso. "," Plano concreto para produtow. Menos caciques, mais executores   ",1
Analista de Sistemas Júnior," Na unidade de Recife especificamente o clima é bastante descontraído, as pessoas são excelentes e engajadas. O trabalho não é tão puxado e a qualidade de vida é um dos pontos fortes da empresa. "," Pelo menos na unidade Recife trabalha-se com clientes públicos e isso dificulta o trabalho. Não há muita motivação para se trabalhar nos projetos, pois não são desafiadores o suficiente. Outro grave problema dessa unidade é a desconexão com a identidade geral da empresa. A sede não tem nenhuma caracterização de marcas, branding ou algo que identifique a empresa. Por vezes vemos que as outras unidades espalhadas ao redor do Brasil possuem ações de marketing, sedes personalizadas, projetos sociais, etc. Porém, em Recife se uma pessoa entrar na sede da empresa não saberá do que se trata nem qual é a empresa de fato. Isso é ridículo. "," Dêem mais atenção à sede de Recife! Promovam projetos sociais, ações de marketing, personalizem a sede! Não é só de salário que vive um funcionário, ele deseja se sentir realizado e orgulhoso da empresa que faz parte.   ",0
Analista de Suporte Júnior, Ambiente de muito aprendizado e pessoas competentes e qualificadas. RH próximo com modelo de Business Partner ativo e parceiro do ," Pode melhorar em remuneração, o valor médio de remuneração é abaixo do mercado, o que impacta na permanência de longo prazo de alguns níveis de cargo na empresa.   ",NA,0
Desenvolvedor," O ponto mais positivo são as pessoas das equipes, que se ajudam muito. Principalmente quando se é alocado no cliente, a muita ajuda para todos crescerem juntos "," O RH não sabe que você existe, você pode abrir chamado e mandar email que eles simplesmente não conseguem ajudar, isso aconteceu com muitos colegas de trabalho. As gerências não se importam com os clientes nem com os funcionários, só querem saber do SLA sendo cumprido, não sei como é trabalhar interno (em uberlandia)   ",NA,0
Desenvolvedor Sênior," cada minuto que você faz a mais vale como banco de horas, flexibilidade de horários, copa para levar almoço quando quiser, apesar do fluxo na cozinha. "," A empresa em si tem uma ideia boa, porém os funcionários escolhidos para realizar o crescimento da equipe são muito desmotivados, (multiplicadores), estão desmotivados acredito que acomodados e infelizmente os gestores maiores não identificam porque a equipe com medo acabam aceitando com medo de perder o emprego e acaba que o atendimento ao cliente final se torna de péssima qualidade fazendo assim que os analistas trabalham infelizes, esse foi o motivo que sai, muita rotatividade por falta de treinamento sendo que o trabalho em si é muito puxado. ", Fazer uma auditoria minuciosa para ver o quanto os analista sofrem com a baixa qualidade dos multiplicadores e assim conseguir mudar para se tornar uma empresa boa para trabalhar como é vendida nas entrevistas de emprego.   ,0
Desenvolvedor de Big Data," Flexibilidade de horário de trabalho, pontualidade nos pagamentos, oportunidade de crescimento, uma boa cartela de benefícios, incluindo cursos de capacitação e reembolso certificados. "," Gestão péssima, salario baixo, poucas oportunidades de crescimento, desleixo com equipes e tratamentos diferenciados com os colaboradores que acabam de entrar na empresa.   ",NA,0
Analista de Suporte Avançado," Ambiente de trabalho agradável, oportunidade de desenvolvimento, pagamentos em dia, experiencia com clientes de grande porte e multinacionais. "," Definir um plano de carreira para os funcionários, melhorar os benefícios, uma refeitório para almoço promover especialização para os funcionáiros   ",NA,0
Analista Desenvolvedor Sênior," A remuneração e o clima jovial são pontos fortes. Além disso, a força de vendas é referencia no mercado e a movimentação para outras areas e equipes é incentivada fazendo com que amplie seus conhecimentos aprendendo coisas novas. ", A empresa divulga um ambiente meritocrático mas na prática fica evidente a promoção por politicagem e simplesmente networking. A gestão de modo geral não se preocupa com o capital humano.   ,NA,1
Analista de Sistemas Desenvolvedor, Flexibilidade Dinamismo Ótimos clientes Bom feedback dos clientes Alta direção acessível Comprometimento com as entregas Honra os seus compromissos ," Necessita maior integração entre as áreas operacionais Necessita naior investimento em tecnologias de ponta e disseminação para as equipes operacionais Melhorar áreas de apoio""",NA,0
Gerente de Projetos (GP)," Uma empresa de grande porte que possuí um leque de oportunidades, de crescimento profissional e acordo com as qualidades , competências e qualificações de acordo com o perfil "," No geral, o quantidade de funcionários concentrado no mesmo espaço, causa, em alguns momentos, desfoco nos procedimentos e até mesmo passando despercebidos falhas na comunicação   ",NA,0
Desenvolvedor de Softwares Sênior, A equipe e extremamente colaborativa e te ajuda a resolver os problemas que surgem durante o dia a dia. A gerencia do tempo funciona muito bem e há bastantes profissionais competentes ," A parte do RH e Executivo demora muito tempo para efetivar as promessas que são feitas e esses setores são muito bagunçado causando diversas frustrações. Toda vez que há necessidade de alterar beneficio é um parto""",NA,0
Desenvolvedor," Ótimo aprendizado, estrutura, inovação e previsão de crescimento. Grande suporte tecnológico com pcs de primeira linha suporte presencial e online. "," Recursos humanos totalmente desorganizado, atraso em diversos aspectos, VR, VA, cadastros online entre outras coisas. Com as certas modificações o suporte aos empregados será perfeito. ", Reformular o RH   ,0
Engenheiro de Software Sênior," Ambiente de trabalho é satisfatório, além disso também há flexibilidades que ajudam na vida pessoal do funcionário. Esquipes bem preparadas e engajadas. "," Baixa contratação de estagiários, o que impede um crescimento na área em que entrou. As contratações costumam acontecer em outros times, com grades de entrada mais baixos.   ",NA,0
Analista de Suporte a Sistemas," Comitê de Clima, festas , aulas de descontração, sala de descanso, refeitório bem organizado. Ar condicionado muito bom. Organização de horários. "," Não tem horas extras, somente banco de horas. O salário poderia ser melhor com horas extras. Falta uma TV no refeitório. Poucas oportunidades de crescer.   ",NA,0
Analista de Sistemas Sênior," A empresa no geral é bacana. No meu caso, uma divisão até que boa na bolsa Flex (CLT Flex) e o gerente responsavel pelo people care é comprometido e presente. "," RH é meio na linha das antigas. Obedeça! Você errou! Quero isso para ontem! Infelizmente, nas poucas oportunidades que tive contato com eles foi meio nessa linha. Equipes de suporte parecem meio descontentes, porque normalmente o atendimento não é dos melhores.   ",NA,1
Analista de Suporte," Desenvolvimento de carreira, produtos inovadores, alto nível dos funcionários, flexibilidade de horários, benefícios acima da média do mercado "," Burocracia interna, foco no curto prazo, desequilibrio de recursos entre as diversas áreas da empresa, processo de avaliação complexo e sem resultados práticos   ",NA,1
Técnico de Suporte I," Ambiente tranquilo e sem tensão, clareza ao tratar dificuldades e busca por resolução antes de qualquer atitude drástica. Você trabalha em paz. Basta ter comprometimento e fazer sua parte. "," Até então tivemos um problema com ar condicionado que demorou a ser resolvido, as características ruins se resumem apenas a este episodio, o que ao resolver não deixou mais a desejar.   ",NA,1
Analista I de Suporte Técnico," Boa estrutura e boas oportunidades de crescimento. Ambiente agradável, colaborativo, com incentivo constante ao aprimoramento. Valorização do profissional. "," Muitas horas de trabalho, não proporcionando o lazer que é devido a todo ser humano. Pressão para viagens e negócios fora do domicílio do colaborador.   ",NA,1
Gerente de Projetos (GP)," Paga todos os direitos aos funcionários. Sempre dar cursos para seus funcionários. Uma empresa bem aberta e que os funcionários tem o livre acesso a pessoas do alto escalão da empresa, pra tentar resolver alguma coisa que seja pertinente. ", Tem muita burocracia pra resolver problemas muitas vezes pequeno. As vezes falta um pouco de gestão. As vezes diminui os gastos de um lado mais peca no outro. Salários são um pouco baixo. , No projeto de mant. da TNO a Ericsson poderia tentar com a Tim um projeto que fizesse swap de toda TNO para Ericsson.   ,0
Analista de Sistemas Pleno," Paga em dia, tem beneficios como vt, vr, assistencia medica, cursos na intranet, descontos com empresas parceiras, festa de final de ano muito boa. "," Falta de oportunidades de plano de carreira como terceiro em clientes, talvez trabalhando dentro da própia stefanini as oportunidades seriam melhores, mas como terceiro deixa a desejar.   ",NA,0
Analista Desenvolvedor.NET," Empresa muito boa para se trabalhar, sua cultura é bem fundada entre os funcionários e com isso o ambiente para se trabalhar é o melhor possível. "," A forma como aplicam ações salarias ainda está precisando de uma evolução, mas de resto não tem o que ser dito, pois eles dão uma estrutura para se trabalhar muito boa para os funcionários.   ",NA,1
Técnico de Suporte," Ambiente descontraído, grande aprendizado profissional, convenio com cursos na área de TI, jornada de trabalho flexíveis e papeis bem definidos. "," Ticket refeição inferior ao valores de alimentação da área em que a empresa está, deveria dar oportunidades aos funcionários para vagas que surgem ao invés de procurar no mercado de trabalho, permitindo crescimento de carreira interno.   ",NA,0
Desenvolvedor de Sistemas Sênior," Estabilidade, é muito difícil a empresa te mandar embora, caso você exerça a função que goste e esteja satisfeito com o seu salário é uma empresa para você trabalhar por anos. "," Empresa sem plano de carreira e sem valorização do funcionário, quando um colaborador consegue subir de cargo continua recebendo o mesmo salario da função inicial. ", Valorizar mais os funcionários da área do Service desk.   ,0
Analista de Banco de Dados (DBA) Sênior," A empresa me ofereceu a oportunidade de inciar minha carreira na área de T.I, porém após algum tempo observando como a gestão do setor funciona ficou claro que existe muita coisa para melhorar. "," A gestão é inconsistente, muda muito o alinhamento. Se preocupa somente com a visão dos indicadores e não com a real satisfação do cliente ou dos funcionários. ", Considerar uma mudança completa na gestão do suporte de Postos.   ,0
Analista de Sistemas Pleno, fixa na zona norte longe do transito de sao paulo tem um ambiente bom para café é uma empresa estável acompanha o desenvolvimento da tecnologia ," investimento em treinamento nao é para todos os funcionários, alguns poucos funcionários sao treinados para evolução das tecnologias. Empresa muito inchada, com muita gente que não faz nada e muita gente lenta.   ",NA,0
Analista de Suporte PL," Oportunidade de crescimento profissional, galera agradável para se trabalhar. Oportunidade de crescimento profissional, galera agradável para se trabalhar "," RH muito distante dos funcionários, gestores também são muito distantes dos funcionários alocados no cliente, demora do RH para atender certas solicitações ", Melhorar a relação profissional e gestores que é muito distante quando os profissionais estão alocados em cliente   ,0
Analista de Sistemas Pleno," Ambiente de trabalho descontraído, corpo técnico competente, oferece liberdade para desenvolvimento das atividades, incentiva a criatividade dos funcionários coordenadores participativos e integrado com a equipe. "," Pouco investimento no desenvolvimento técnico e humano dos funcionários, buscando no mercado técnicos com a competência que necessita e dispensando técnicos cuja competência não tenha mais interesse. ", Maior dedicação a retenção dos recursos humanos.   ,0
Analista de Suporte Técnico," Empresa de grande nome, o que talvez influencie positivamente no inicio da carreira. Oportunidade de treinamentos globais positiva (quando disponibilizado tempo ao funcionario efetuar tais treinamentos) "," Empresa com uma gestão pessoal de novos funcionários muito precária. Além do salário MUITO abaixo da média, cobra deslocamentos exorbitantes sem nenhuma consideração para com o funcionário.   ",NA,0
Analista de Suporte Pleno, Oportunidade de participar de bons projetos dependendo da sua experiência. Empresa de grande porte com boa organização e estrutura.Agrega ao conhecimento. ," A empresa é ótima para agregar experiência no CV pois tem varios clientes e participa de diversos projetos, porém ,se você está em um projeto e o mesmo acabar e não existir outra oportunidade , tem que ir pro mercado. No geral é boa   ",NA,0
Analista de Suporte Atendimento," Adquirir experiência e conhecimento. Realocação em demais projetos, caso o projeto em que esteja trabalhando acabe. Possibilidade de mudar de estado. ", Muita sobrecarga de atividades. Gerenciamento de projetos e atividades ineficaz. Prazos apertados que são impostos sem parâmetros ou métricas de definição.   ,NA,0
Especialista de Sistemas," Processos estruturados e bem definidos, assume bem o papel de consultoria , salario compativel com o mercado, possui muitos clientes no mercado nacional. "," Ainda não possui a pegada necessária para o novo momento da área de tecnologia, foco em inovação deveria ser a palavra chave, modelo hierarquico com aqueles gerentes que só ficam simulando nos clientes, "," Investir em treinamentos, melhorar os benefícios, eles estão muito a baixo das demais consultorias   ",0
Analista Programador," Conexão com o que existe de mais moderno, em termos de tecnologia, para atender as necessidades das maiores empresas do Brasil. Liderença executiva com muita experiência e acesso executivo nos clientes. ", Complexidade e falta de agilidade para trabalhar projetos pequenos (< 1M USD) e com empresas fora da lista das 100 maiores no Brasil. O mercado muitas vezes não conhece o portifolio de serviços da Accenture ou já teve uma experiência negativa. ," Diminuir a complexidade dos processos internos, diferenciando os mesmos para projetos pequenos, médios e grandes.   ",1
Analista de Suporte Júnior," Empresa com inúmeras benefícios e chances de crescimento, dando liberdade ao participante buscar novas áreas para novas experiências, job rotation. "," As vezes a comunicação é um pouco lenta, quando a decisão fica até ao terceiro nível a partir de você é rapido, mais que issi demora os retornos. Principalmente quando são sites diferentes, creio que exista um excesso de formalidades para solicitar apoio de um colega de trabalho.   ",NA,0
Desenvolvedor Pleno," Clima organizacional é um diferencial considerável da Algar, onde você tem espaço para trabalhar e autonomia nas decisões que afetam diretamente a companhia. ", Plano de carreira não é bem desenhado e bem executado. A promotabilidade depende do envolvimento com alta gestão e não necessariamente meritocracia.   ,NA,0
Técnico de Suporte III, flexibilidade de horario; plano de certificação e reembolso; bonus em projetos; avaliações todos os anos; lugar confortável de boa infra para se trabalhar. ," promoções aos funcionários são raras; não há acompanhamento da carreira (apenas no papel); as avaliações são mera burocracia; em muitos anos de trabalho, o unico aumento salarial que tive foi devido ao dissidio e não foi por falta de conversas. ", Valorizar melhor os funcionários criando um plano de carreira efetivo no Brasil.   ,1
Analista de Sistemas Júnior," Ótimo ambiente de trabalho, empresa que busca cada vez mais fazer com que seus funcionários se sinto mais motivados e que trabalhem com processos mais práticos. Muitos benefícios, reconhecimentos e salário de acordo com o mercado. "," É muito difícil um empregado conseguir uma vaga para trabalhar em outro setor dentro da empresa. Possui muitos processos ""engessados"", mas que estão melhorando com o decorrer do tempo e das gestões. "," Utilizar um pouco da metodologia ""Google"" de ambiente de trabalho seria um grande diferencial, visto que a filial de Manaus já possui um pouco disso, porém a de Joinville não.   ",0
Analista Desenvolvedor de Sistemas Júnior," Consultoria com projetos em clientes grandes, o que pode ser um motivador para iniciantes na carreira, pois ttabalham com tecnologias mais modernas "," A questão do plano de saúde que é cobrado integral para dependentes, o que para pessoas mais novas não é um problema, para funcionários experientes e com família é um fator que pesa no orçamento. Poderiam rever essa política   ",NA,0
Desenvolvedor de Software Júnior," Flexibilidade, estabilidade, dinamismo, bons benefícios. . "," falta de estrutura na cadeia de comando, e controle dos fumatórios treinamento e capacitação, e fluxo de informações e de feedback para funcionários e clientes.   ",NA,0
Analista Desenvolvedor Pleno," Beneficios da empresa são excelentes, principalmente Vida Link e Previdencia e plano de saude. Oportunidade de realizar uma vasta lista de treinamentos, para se desenvolver na sua area ou em uma nova dentro da empresa. Oportunidade de carreira. "," Muitos gerentes despreparados o que faz desanimar as vezes no dia a dia, mas depente de cada area. Nos ultimos anos houve uma redução no quadro de funcionarios, e com isso houve sobrecarga de trabalho, muitas horas extras, que a maioria acabam virando banco de horas.   ",NA,0
Analista de Suporte Júnior, Tudo é muito bom na Algar! Tem pontos a melhorar porem é muito boa de se trabalhar! ," O salario poderia ser um pouco melhor, os líderes tem pouca experiência e geralmente não dao conta do recado!   ",NA,0
Analista de Sistemas Júnior, Uma grande empresa com cliebtes grandes e comum ótima equipe técnica. É um ótimo ambiente para se aprender bastante sobre as normas ITO e eata com uma forte expansão na área de cable. ," A empresa perde diversos talentos promissores pela falta de reconhecimento adequado dos funcionários e uma falta de conhecimento técnico por parte da gerência.""",NA,0
Gerente de Projetos (GP), Ambiente de trabalho amigável e empresa de abrangência nacional. Possibilidade de acrescentar conhecimento de diversos setores do varejo e áreas. ," O não reconhecimento do trabalho de alguns colaboradores é desanimador. Setores importantes da empresa como RH e Departamento pessoal são desorganizados e deixam muito a desejar""",NA,0
Analista Programador Sênior," Empresa boa para estágios, possui cursos internos e equipe disposta a ensinar e passar conhecimento. Alguns momentos de comemoração e interação entre funcionários de outros setores. Horários de trabalho flexíveis. Parcerias. ", Localização da matriz longe da região central. Salário de estágio abaixo da média em relação a outras empresas. Valor do vale refeição um pouco fora do valor dos restaurantes da região.   ,NA,0
Desenvolvedor," A equipe é aberta a novas soluções, gosto muito do líder da equipe, é uma pessoa comunicativa e valoriza a equipe. Oportunidade de aprendizado junto com a equipe, benefícios interessantes para quem está começando no mercado, e boa referência pelo nome da empresa e tecnologias atuais no mercado. "," A equipe fica a dispor da empresa do cliente, minhas críticas são relacionadas a empresa do cliente, que NÃO disponibiliza condições básicas para a equipe terceirizada (boa internet, geladeira, microondas), o crachá para acesso a empresa demora muito para ser feito, então sempre demora na entrada, os computadores disponibilizados também não são tão bons, apesar de que as máquinas são de cuidado dos próprios empregados. Acho que o principal, seria a empresa ter esse cuidado com os empregados dentro da empresa dos clientes, para não ficarmos mercê deles. "," Tentar se certificar como os empregados estão sendo tratados dentro da empresa do cliente, e disponibilizar recursos básicos, como por exemplo copa dentro do cliente.   ",0
Analista de Sistemas Desenvolvedor," Liberdade de trabalho, horários flexíveis, excelente pacote de benefícios como alimentação, seguro saúde, seguro de vida e descontos nas empresas conveniadas. "," Muitos cargos de chefia, inclusive diretores. Salários abaixo da média do mercado. Falta de uma visão estratégica para a empresa a longo prazo. Alguns departamentos funcionam isolados e não se comunicam bem. Estrutura física não é ideal.   ",NA,0
Analista de Suporte," A liberdade de poder escolher a tecnologia que iremos usar, caso o pessoal concorde que seja vantajoso ", A relação entre as pessoas mais antigas com as mais novas. Não me sinto parte da equipe.   ,NA,0
Analista de Sistemas Java Pleno," Plano de carreira, comunicação entre as areas, cursos internos oferecidos para melhor absorção dentro da empresa, feedback, reuniões gerenciais "," RH, as vezes como ficamos alocados nos cliente não temos a facilidade de alguns dados , onde demanda tempo e gera desgaste com as pessoas que ficam na operação   ",NA,1
Analista de Sistemas Pleno," É uma empresa que todos são motivados, há reconhecimentos individuais e o salário é muito bom. Há plano de carreira e a comunicação com a alta gestão é simples e acontece. "," Pode melhorar a padronização entres as plantas, ter mais processos definidos e ser cobrado dos mesmos. Para se dar bem tem que ter relacionamento ", Mais Processo e menos relacionamento   ,1
Testador," Ótima empresa! ambiente descontraído. localização diferenciada, colaboradores com o perfil jovem. empresa está sempre em contato com o colaborador através de e-mails informando sobre os acontecimentos e criando ferramentas para a motivação e crescimento do colaborador. horário flexível e grande parte dos colaboradores contribuem para o clima que atualmente é satisfatório. A Integração inicial entre a empresa e o colaborador dá ao mesmo uma noção de posição da empresa onde trabalha e isso é faz uma enorme diferença. "," Coordenação pouco participativa e bem reativa. muitas vezes os gerentes e diretores tem mais participação do que o coordenador. tendo conhecimento do tamanho da empresa, acredito que a participação nos lucros poderia ser melhor. o vale refeição não atende o valor da região onde está localizado a matriz. e o Convenio médico é co-participativo. a distribuição dos departamentos são favoráveis apenas aos gestores (para nós colaboradores é péssimo, pois ficamos subindo e descendo escada e pegando elevador). a empresa também não promove e estimula integração entre os colaboradores. ", Promover uma melhoria nas politicas de participação nos lucros. orientar os coordenadores a participarem mais da do dia-a-dia do departamento. rever o valor do vale refeição. promover uma integração entre colaboradores   ,1
Técnico de Suporte Especialista," eAmbiente saudável e equilibrado, com baixa pressão e grande liberdade para desenvolver seu trabalho. Oportunidade de se trabalhar com novas tecnologias e soluções de grande escala, sendo permitido que sejam propostas soluções inovadoras. O escritório é bem localizado. "," troca de horários constante, e de gestão. o processo para crescer na empresa é muito desgastante, e o funcionario nao e tao bem reconhecido.   ",NA,0
Analista de Suporte Júnior," Ambiente de trabalho, horário flexível, localização, as pessoas se ajudam bastante. "," Salário abaixo do mercado, falta de documentação, tudo é prioridade, por possuir refeitório no local ficamos sem muita opção para almoçar. ", Dar mais valor aos funcionários mais antigos ao invés de contratar profissionais do mercado sem conhecimento do produto da empresa.   ,0
Assistente Técnico de Suporte," Uma empresa jovem e dinâmica, ambiente de trabalho excelente, ótimo trabalho em equipe, um ajuda o outro e tem ótimos benefícios. "," A falta de processos na empresa tornam as coisas um pouco lentas, não exite plano de carreira bem definido.   ",NA,0
Analista de Suporte N3," A empresa abre bastante espaco para crescimento profissional, e aberta a diversidade e inclusao, oferece treinamentos para aprendizado em diversas áreas. "," Não oferecem mudança de uma cidade a outra a todos funcionários que dão qualificados, somente aos prediletos do mesmo, dessa forma desmerecendo quem realmente tem interesse de permanecer na empresa.   ",NA,0
Programador Júnior," Estrutura boa, lugar bom de se trabalhar. ", Salário Ruim. Sem possibilidade de renegociação. ," Salario Rui,m   ",0
Gerente de Projetos (GP), Respeito com as pessoas.Ambiente é maravilhoso. A política da empresa. Os valores. Tudo muito sólido. Os pilares bem definidos. Amo trabalhar na Dell ," Toda empresa tem oportunidades de melhoria. Eu nao saberia falar um ponto de melhoroa da Dell. A preocupação com o bem estar do funcionário começa no Onibus fretado e se espalha por tudo.""",NA,0
Analista de Suporte Pleno," O convívio com algumas pessoas vale a pena. A localização da empresa é ótima, perto de tudo e em um bairro com muitas opções de almoço. O salário é sempre pago em dia. "," Equipe mal treinada, gerência péssima, autoritarismo excessivo, falta de educação por partes dos gerentes, alguns líderes não respeitam seus subordinados. Não existe meritocracia. ", Começar por uma reciclagem gerencial e de lideranças. Revendo o funcionamento e o processo de toda a empresa.   ,1
Analista de Sistemas Júnior," Salário e benefícios na média do mercado, funcionários do Rh dão um bom suporte para quem está alocado em clientes e há uma diversidade grande clientes "," Falta de feedback para funcionários alocados em clientes, eu que trabalho alocado em cliente, não tenho contato com a Resource e me sinto como funcionário do cliente e não dá Resource   ",NA,0
Suporte Técnico, Reconhecimento pelo bom empenho no trabalho. Feedback diário sobre pontos positivos e negativos para melhoramento pessoal. Boa relação com gestores. Prêmios semestrais atingidos pelos associados. ," Pouca resolução de reclamações feitas pelo funcionário. Após passar em um processo seletivo na empresa, há uma demora excessiva para alteração salarial fazendo com que o associado tenha as responsabilidades do novo cargo, porém com o salário do anterior. "," Ouvir mais os funcionários, fazendo com que os mesmos não fiquem com receio de represálias.   ",1
Engenheiro de Software, Benefícios. Estrutura administrativa. Escritórios bem equipados. Equipes muito bem preparadas. ," Excesso de burocracia nas atrividades do dia-a-dia.""",NA,0
Supervisor de Projetos, ser uma empresa multinacional... e também ter mercado aberto na área ," O ponto principal é dizer que nao existe plano de carreira,ou seja, nao há expectativa nenhuma de crescimento para quem não tem um parente ou amigo com expressão dentro da empresa ", Motive seus funcionários com o que realmente importa!   ,0
Técnico em Suporte Técnico, Salário compatível com o mercado. A empresa cuida do funcionário com atenção a detalhes como dias comemorativos e aniversários. Acesso a vários cursos que agregam conhecimento ao funcionário. ," Acesso direto ao RH as vezes é difícil. Ficamos na dependência de terceiros quando estamos alocados em clientes. Já que os emails e ligações nem sempre são respondidos.""",NA,1
Suporte Técnico," Espaço para aprendizado, a possibilidade de atuar em diversos projetos permite conhecer indústrias e skills diferentes a todo momento. Além do investimento no desenvolvimento que apropria empresa faz. "," Competição às vezes desleal, potencialiAdo pelo processo de avaliação e remuneração variável. Desmotiva aqueles que são menos arrojados na autopromocao.   ",NA,0
Analista de Sistemas Pleno," O unico ponto positivo que obtive na empresa foi as amizades que eu fiz, porque para trabalhar nessa empresa tem que ser unido com sua equipe ou voce despenca "," O RH é uma bagunça, atraso de pagamento de reembolso, pagamento de beneficios errado, para querer ter plano de carreira tem que puxar o saco de alguem , salario minusculo para muito trabalho , se voce nao toma cuidado voce acaba exercendo funcoes a mais do que apresenta seu contrato e eles nao aumentam seu salario e nem o cargo muda e se voce reclama é motivo de demissao, se voce reclama seus beneficios quando eles fazem cagada e voc reclama no dia seguinte voce ja assina sua demissao, aconteceu com varias pessoas que trabalhavam comigo. ", Começa a olhar os funcionarios existem bons funcionarios e voces estao perdendo isso por coisas bestas.   ,0
Analista de Suporte Executivo, Uma grande empresa que te entrega muitos benefícios e te permite entender o que ela pretende fazer para os fornecedores que vc esta alocado o que é muito bom! ," Uma empresa grande que te proporciona grande aprendizado organizacional. Trabalhei alocada em Fornecedor então fiquei mais absorvida pela cultura do cliente do que da própria empresa""",NA,0
Analista de Projetos," Ambiente, localidade, trabalho "," Pessoas,gerentes, coordernadores   ",NA,1
Analista de Suporte a Sistemas," Ambiente, horário flexível, forma de tratar os colaboradores com muitos eventos em dias como dia das crianças,Páscoa etc... Organização da empresa como um todo . "," A empresa não possui um plano de carreia robusto e com oportunidades constantes de crescimento , remuneração baixa ", Continuar com a organização e estratégias de negócios que vem dando certo e replanejar o plano de carreira nos departamentos. ,0
Gerente de Projetos PMO," Boa média salarial no mercado, pagamento em dia, benefícios razoáveis e possibilidades de crescimento para fazer carreira na empresa, localização de fácil acesso visto que fica no centro. "," Tem uma certa falha na divulgação das vagas internas ou para outras áreas da empresa, as oportunidades divulgadas nem sempre estão acessíveis. "," Continuar apostando no mercado nacional, na mão de obra brasileira, visto que é uma multinacional.   ",0
Desenvolvedor Júnior," Bons benefícios, tem projetos desafiadores e que proporcionam um grande crescimento profissional. Oportunidade de crescimento é realidade por mérito. "," A liderança não é muito bem definida, o programa de mentoria dentro da empresa é aleatório e não procura casar as skills suas e de seu mentor.   ",NA,0
Analista de Suporte Técnico," Boa estabilidade, a empresa tem investimentos em novas tecnologias através do TOTVS Labs. Benefícios são os de mercado. A nova sede é muito legal, padrão Google. Várias unidades espalhadas pelo Brasil. "," Direcionamento tecnológico é ultrapassado... Apesar do clima ser legal na matriz, nas unidades não é o mesmo. Falta de direcionamento claro com relação as inovações. Muita política e pouca meritocracia. A burocracia é muito grande!",NA,0
Técnico de Suporte Júnior," Pagamento em dia, e bons benefícios, trabalhar interno é muito bom pois os benefícios são melhores ainda "," Sou externa fico em cliente prestando serviços, por isso acho a comunicação muito falha por parte do TH.   ",NA,0
Programador, Equipe que se ajuda e procura buscar os resultados diante das dificuldades do dia a dia ," Falta plano de carreira e por muitas vezes a gestão vira gargalo de informações , como se não existisse a necessidade do colaborador de hierarquia inferior contribuir para a empresa ", Trabalhar a gestão para resolver conflitos de forma inteligente e sem coronelismo.   ,0
Analista Desenvolvedor Sênior," Não há nenhum ponto positivo, sem ambiente saudavel de trabalho, sem cooperação ou qualidade de vida, sem contra partida , apenas trabalho e politica "," Ambiente de fofoca , ambiente sem motivação, obrigando a ser um puxa saco , sem uma contrapartida financeira, faz se muito e paga-se pouco, sem palno de carreira   ",NA,1
Analista de Suporte Júnior," Empresa grande, Politica organizada. . "," Falta plano de carreira, avaliação de performance, salário baixo, vale refeição baixíssimo pois não se ajusta com a localidade de trabalho o que deixa a desejar muito. ", Como há vários clientes e diversas pessoas trabalham alocadas no cliente o VR deve ser avaliado em relação a região do cliente.   ,1
Analista Programador," Salários em dia, Beneficios, Grande escola. A empresa em si tem uma estrutura muito boa e ainda em crescimento de gestao, o que melhorará ainda mais. "," profissional fica muito abandonado pela gestão da operação, acarretando uma sobrecarga do Rh para motivar os profissionais ( atividades que deveriam ser feitas pela gestão) "," melhorar ainda mais as oportunidades de carreira na empresa, pois a Sondait é uma grande escola e colhe bastante frutos   ",0
Coordenador de Sistemas," As pessoas trabalham muito bem em equipe, é comum pessoas que saem da empresa voltar depois de um tempo por conta dessa amizade. É um saco ter que escrever 140 caracteres pra poder enviar a frase. "," Falta de transparência. Você nunca tem visibilidade do que está acontecendo, quando o cliente te encosta na parede e começa a fazer perguntas é constrangedor.   ",NA,0
Analista de Suporte Técnico II," O trabalho em equipe e o relacionamento com a liderança do contrato é muito bom, eles sempre auxiliam e ajudam quando possível. O ticket também tem um valor satisfatório. As pessoas com quem trabalhei foram excelentes. Você aprende muito trabalhando aqui, tanto tecnicamente, tanto no relacionamento com o cliente. "," Como são vários contratos e você acaba ficando em algum cliente, você acaba ficando distante da empresa em si, não participando da cultura da empresa, seu crescimento e suas oportunidades internas. Estão tentando melhorar isso, mas ainda não pude sentir. "," Aproximar os técnicos do dia a dia da empresa, ter um plano de carreira efetivo e fazer funcionar site de recrutamento interno para que as vagas sejam bem divulgadas e concorridas de forma dinâmica e clara. Deixando o salário mais competitivo com o mercado.   ",0
Gerente de Projetos (GP)," Foi um local legal de trabalhar, haviam pessoas interessantes no comando. O local era limpo e o salário chegava no dia certo. Era bom por lá. "," A empresa não te escuta, você é apenas um número e se tentar falar com um gerente, ele te ridiculariza para os outros atendentes em conversas privadas.   ",NA,0
Analista de Suporte II," Liberdade e flexibilidade, a empresa não limita sua capacidade de realizar as atividades. ", Alguns setores são altamente ineficientes. , Reavaliar os funcionarios existentes   ,1
Analista de Suporte Sênior," Cultura da empresa, bom ambiente de trabalho em algumas áreas e perspectiva de crescimento e carreira. É um lugar onde a ética é levada a sério, em compensação a valorização das pessoas está cada vez mais em segundo plano. "," A Dell está se tornando uma empresa sem identidade devido a estar em constante mudança, sem haver um lastro de estrutura que sustente as alterações. Em áreas operacionais, processos são engessados e pessoas são limitadas a seguir o que é proposto, com pouco papel de participação. "," Observar e investir na capacitação de seus gestores de primeiro nível. São os pontos diretos de influência para qualquer mudança e hoje, os menos preparados o que reflete absenteísmo, doenças, resultados a qualquer preço e ações confusas e incoerentes com a cultura da companhia.   ",1
Analista de Banco de Dados (DBA) Júnior, Equipe esforçada e muito capacitada para atender as demandas. Empresa oferece diversos benefícios e procura desenvolver atividades de integração entre seus colaboradores. ," Tentativa de implantação da cultura da matriz na filial que possuía pontos distintos. Equipes compartilhando mesma localização física (andar), gerando ruídos que atrapalham o desenvolvimento. Diversas solicitações de melhorias são barradas pela alta diretoria. ", Voltar a ter o café para os funcionários. Procurar preencher as vagas com os funcionários internos primeiro antes de buscar de fora.   ,0
Analista de Suporte Remoto," A empresa é excelente para quem quer aprender e se desenvolver. Você tem contato com o que ha de melhor na nova era da Industria 4.0, inúmeras culturas e ótimas ferramentas. A oportunidade de somar Skills a sua carreira é muito boa. "," A avaliação é muito ruim, não presa a meritocracia, mas a politica. Ha um risco de você entrar em um projeto com péssimos lideres, principalmente aqueles absorvidos por projetos de BPS, que não tem a cultura que a CIA prega. "," A Accenture é uma ótima empresa e acredito nela como agente transformadora, mas infelizmente a cultura que se prega não é a mesma que os lideres, principalmente daqueles incorporados através de BPS, fazem. A grande maioria mantem a cultura corporativista e de proteção contra grandes inovações e principalmente a jovens promissores. Resultado disso é um corpo gerencial de idade muito maior, o que causa estabilidade de relacionamentos nos negócios , mas pianissimo grau de inovação e disruptura nos negócios. Não há espaço para jovens nem profissionais promissores da nova geração.   ",0
Analista de Suporte PL," Um ponto positivo é relacionado aos benefícios que é separado do valor do salário bruto, podendo dividir da melhor maneira. A empresa tem oportunidade para ingressar em carreiras internacionais "," Não conheço muito a empresa pois fico alocada em um cliente em Taboão da Serra, porém colegas de trabalho já tiveram problemas relacionados a pagamento, e não tem uma negociação muito favorável ao funcionário que esta entrando na empresa.   ",NA,0
Analista de Sistemas Pleno," Empresa com conceito jovem, muitos treinamentos e aberto a discussões, respeita seus clientes, faz de tudo para atender seu clientes de forma simples. ", Não tem .,NA,0
Gerente de Projetos (GP)," Bons salários e benefícios (acima da média do mercado) cultura que promove o trabalho remoto, flexibilidade em horários e inciativas de inclusão para minorias. "," Crescimento de carreira muito demorado - o modelo ainda é aquele de gerações antigas, nas quais você fica 10 anos para avançar na empresa. Muita gente ruim se mantém lá por politicagem. Ameaça constante de perder o emprego por cortes de custo.   ",NA,0
Líder de Projetos JUnior," Uma empresa inovadora e que valoriza o associado e possui vários valores e uma cultura de respeito como a preservação do Meio ambiente. Possui lanche, massagem e alguns outros serviços para associados. "," A empresa em si paga muito menos que as outras do grupo Algar, para você conquistar um cargo além de atendente, é necessário puxar muito saco ou possuir um bom Q.I. Por este motivo a empresa possui poucos profissionais capazes de diferenciar qualidades e aproveitar novos talentos. "," Passar a perceber profissionais que querem evoluir, se esforçam estudam e querem algo a mais. Outra coisa e extinguir a cultura do Q.I, pois é algo que espanta os novos associados e aumenta a rotatividade da empresa que é muito grande.   ",1
Analista de Sistemas," Programa de estágio bem estruturado e com seleção criteriosa, não há cobrança em demasia e os horários são respeitados "," Empresa estagnada no mercado de prestação de serviços de TI, estabilidade ZERO, oportunidades limitadas e política de cargos e salários inexistente. ", Comprar a EDS e dizimar a cultura existente nessa empresa foi uma decisão errada. A divisão de serviços da HP é quase inexistente 5 anos após a compra.   ,0
Gerente de Projetos (GP), Empresa Resource ajuda muito que funcionarios aprenderam rápido e ficam mais inteligentes. , Alguns funcionários deviam conviver mais com os surdos. ,NA,0
Analista de Suporte Técnico," Os benefícios, e auxílios os colegas de trabalho são bacanas torna o ambiente melhor, auxilia creche, tíquete e bacana, o plano é comparticipativo "," Escravidão, não decidem o horário e escalas, não pode se programar com nada, não pode fazer uma faculdade porque um mês trabalha de manhã no outro trabalha a tarde e assim se vai   ",NA,1
Analista de Projetos Pleno," É uma empresa muito bem conceituada no seu ramo, possui um excelente pacote de benefícios e oferece bons treinamentos aos seus funcionários. Está sempre se atualizando e os seus escritórios oferecem muito conforto e praticidade. "," A empresa faz questão de ressaltar, o valor que tem o trabalho de seus funcionários no sucesso dos seus projetos; porém, os gestores na sua grande maioria, não comungam desta mesma ideia visto que, só se preocupam em interagir com funcionários do seu mesmo grau de hierarquia(level) ou que sejam muito próximos ao seu. As oportunidades de crescimento não acontecem por meritocracia mas sim por indicação de amigos e parentes. A média salarial está abaixo do mercado. ", Fazer uma reciclagem periódica de gestores.   ,0
Analista de Suporte Técnico," Beneficios corporativos, academia, desconto com várias lojas de vários segmentos.temos ginastica labora, café de graça, refeitório, ambiente em Alphaville é descontraído. "," Deve melhorar os processos e cobrar mais ações dos gestores, escalonamento hierárquico deveria funcionar melhor,tem muito chefe em uma unica área ou operação.   ",NA,1
Gerente de Projetos," Ambiente agradavel, pessoas ajudam nas dificuldades liberdade de aprendizado treinamento constantes clima muito bom. Relacao boa com os gestores ", benefícios poderiam ser melhores essoas ajudam nas dificuldades liberdade de aprendizado treinamento constantes clima muito bom. Relacao boa com os gestores,NA,1
Analista de Suporte Pleno," Honra seus compromissos em dia com o associado e permite colaboração de ideias para melhorias dos processos internos da empresa. Fornece participação dos lucros aos associados, dentre outros. "," Precisa: Melhorar a remuneração dos funcionários. Melhorar a forma de cálculo das metas estipuladas para pagamento da participação de lucros da empresa, buscando formas de avaliação individual e em coletivo de cada associado. ", melhorar salários e formas de pagamento da participação de lucros.   ,0
Analista de Sistemas Júnior," horarios flexíveis, clube , tecnologia de ponta "," Plano de carreira, líderes com pensamentos atrasados.   ",NA,0
Técnico de Suporte Especialista," É uma empresa que capacita seu funcionário e dá oportunidades de crescimento dentro da mesma, contribuindo com os benefícios e o bem estar do operador. "," Alguns cargos ""superiores"", são exercidos por pessoas incapacitadas para a função designada, levando assim atitudes tomadas e voltadas ao lado ""pessoal"" e não pelo lado ""profissional"". "," Rever alguns cargos, no qual estão sendo tomadas por pessoas incapacitadas de exercer de forma correta a sua função. Trabalho requer ""profissionalismo"" e reconhecimento no mesmo mérito, e não por lado ""pessoal"" , pois o trabalhador deve sim ser reconhecido pelo compromisso e comprometimento com a sua função, e não por méritos pessoais.   ",0
Técnico em Suporte Técnico," Não vi pontos positivos a ponto de me fazer comentar, apenas o VR e um bom benefício mas com o preço das coisas de hj não dá pra passar nem 15 dias "," Temos que enganar as pessoas o tempo todo para vender linhas que elas não querem para podermos bater as metas Metas absurdas de 100 linhas por vendedor, mesmo sabendo que o mercado está saturado a ganância da empresa quer ter a maior fatia do mercado com linhas que os clientes não usam "," Tirem a meta absurda que vocês colocam, vocês obrigam seus vendedores a intubar chip em todos os clientes, a maioria não usa as linhas, sempre damos descontos e colocamos uma linha a mais no cliente vocês acham isso rentável ? As vezes o valor que o cara paga fica até menor do que vai pagar e vcs nos remuneram por isso, de que vale ter um marketshare grande no mercado se a lucratividade e ilusória, pagem um salário alto para os vendedores e tirem essa meta ridícula de 80 90 100 linhas por mes, atendia vários clientes com 4, 5, linhas na estrutura e usavam apenas 1 linha de todas, eles pagam as vezes um pouco a mais sem precisar pagar também, somos obrigados a mentir o tempo todo para varrer essa meta absurda, o mercado está saturado de linha os clientes chegam na loja já dizendo que não querem mais outra linha, as vezes eles deixam de fidelizar pois não querem mais ser enganados e acabam comprando aparelho nos concorrentes de varejo. Abram os olhos parem de fazer o mal pras pessoas !   ",1
Analista de Suporte a Empresas," Bem posicionada no mercado e disposta a crescer em participação, através das relevantes aquisições que vem fazendo. Ética no sentido de adotar concorrência leal e também no sentido de não forçar uso de soluções proprietárias a seus clientes "," Há interesse e determinação, mas há o que se fazer ainda para mover-se, de fato, de uma estrutura focada em vendas diretas para uma estrutura que apoie mais a venda através de canais e parceiros de negócios "," Em momentos de baixa de mercado, é perigoso acenar ao time a possibilidade de colocá-los em programas de recuperação de performance para aqueles que não estão atingindo suas cotas. Mais adequado seria motivar o time e - muito importante - rever a estrutura de custos dos produtos procurando oportunidades de melhoria de competitividade   ",0
Analista de Sistemas," A empresa conta com um grande processo de valorização do capital humano, investe em tecnologia, ferramentas, treinamentos e prioriza o profissional quanto ao processo de realocação. "," A empresa precisa dar mais foco e agilidade quanto às solicitações imediatas de clientes, para evitar o desperdício de talentos.   ",NA,0
Analista de Desenvolvimento de Sistemas, Salário em dia e alguma coisa parecida com plano de carreira ," A Ericsson do Parque Tecnológico de São José dos Campos não faz parte da verdadeira Ericsson. É uma empresa afastada da civilização, cheia de estagiários, baixos salários e gestão desorganizada.   ",NA,0
Analista de Projetos II," Infraestrutura super renovada, oportunidade de intra-empreendedorismo dependendo da área, muitas oportunidades nas áreas da própria empresa, contato com tecnologia. "," Cultura muito relacional e pouco meritocrática, liderança muitas vezes resistente a mudança, muitos processos manuais dependendo da área, salário abaixo do mercado quando comparado com empresas do mesmo porte.",NA,1
Analista de Suporte Sênior," Liberdade para realizar 1 home office na semana, espaço para jogos como: vídeo game, empresa adotou cool dress e liberou homens trabalhar de bermuda. ", Empresa muito centralizada na matriz em MG e acaba amarrando o ritmo das filiais e consequentemente o associado não consegue desenvolver sua carreira com mais oportunidades , Liberar projetos para outras filias pois os analistas possuem o conhecimento necessário para realizarem a atividade.   ,0
Analista de Suporte," Eventos excelentes, times com nível técnico elevado, programada de estágio de qualidade boa conversão em efetivos, arquitetura dos escritórios de TI agradável, brindes de qualidade. "," Remuneração abaixo do mercado, benefícios pouco competitivos. Pouca Margem pra negociação mesmo que queira ficar na empresa. Gerência ""de área"" despreparada. Muita canetada promovendo reestruturação sem sentido. Tecnologia e Produto muita das vezes desalinhas (pelo menos na Bit Services) "," Aumentar a transparência nos processos, criar rituais de feedback contínuos (quinzenais) entre gerentes/líderes diretos e liderados. Criar clima de estabilidade evitando reestruturações malucas.   ",0
Desenvolvedor Java Júnior," clima de trabalho muito bom, pessoas são muito colaborativas. Há bastante oportunidades de aprender novas frentes e times são muito abertos a compartilhar conhecimento. Você pode mudar completamente de carreira e permanecer na mesma. empresa. "," Existem muitas mudanças estruturais, e isso prejudica um pouco o planejamento de carreira. É difícil ter pensamento criativo e proativo em clima de insegurança.   ",NA,0
Analista de Suporte a Sistemas," Clima para os funcionários que trabalham internamente, porém, para os funcionários que ficam alocados em clientes, isso não é levado em consideração. "," Os colaboradores que ficam alocados em clientes não se sentem parte da empresa, a Totvs poderia encontrar uma maneira de melhorar esse ponto.",NA,1
Analista de Suporte," Na Sonda, temos possibilidade de flexibilização de horário e autonomia para exercer nossa função, além de uma certa estabilidade proporcionada "," Não existe plano de cargos e salários, o salário é baixo para em comparação ao mercado, os sistemas internos e a integração das diversas áreas deixa a desejar   ",NA,0
Analista de Suporte Técnico," Boa empresa para trabalhar. Bons beneficios, e um ambiente agradavel. Bem localizada, e trabalha com tecnologias interesssantes. Os projetos são variados. Existe mobilidade. "," Salário deixa a desejar. Crescimento de carreira é lento, e por vezes pessoas de foras são mais valorizadas que talentos internos. Dependencia muito grande de auto-promoção. ", Valorizar mais os talentos e pessoas com potencial para evitar o escoamento de funcionarios capazes e com vontade de produzir.   ,1
Analista Desenvolvedor, Trabalhar na área em que estuda é muito gratificante. O aprendizado é gigante. Vale Alimentação. Projetos impactantes e que agrega muito na vida profissional. ," Distancia da Sede da empresa. Com essa distancia, a empresa não tem uma visão tão clara das dificuldades que temos e o que pensamos da empresa. ", Esculte os funcionários que estão mais distantes da Sede.   ,0
Analista de Projetos Sênior," Excelente pacote de benefícios, como convenio médico e celular corporativo. Mobilidade para trabalhar fora do escritório. Boas campanhas motivacionais "," Plano de carreira, deixa um pouco a desejar... muito difícil ser reconhecido dentro da área que atua, porém a empresa facilita a transferência entre as áreas o que ajuda desenvolver carreira e profissional",NA,0
Analista Desenvolvedor.NET Pleno," Pagamentos em dia, benefícios como vale alimentação/refeição, plano de saúde, odontológico, refeitório grande, plano de carreira com possibilidade de atuar em várias áreas. "," Gestão exercia pressão exagerada nos supervisores e muitos (no meu setor, não posso falar dos demais setores) foram demitidos sem a devida gestão humanista a qual a empresa prega para o alcance de metas.   ",NA,0
Analista de Sistemas," É um bom local de trabalho, as pessoas são legais, o trabalho não é chato, convivência é tranquila, atividades feitas são tranquilas, mas poderiam melhorar. "," O que todos reclamam: salário baixo, a escala de 6x1 que poderia ser diferente, muita cobrança e pouca assistência e claro, falta de oportunidade de crescimento.   ",NA,0
Suporte Técnico, Café da manhã de quarta. Os colegas de trabalho se ajudam. Existe preocupação com os funcionários quando tiver necessidade. Horário às vezes flexível. ," Sem estabilidade. Os colaboradores não está nem aí. Contrato flex. Salário baixo. Sem plano de saúde. Sem transporte. Sem convênio. Pressão desnecessário""",NA,0
Desenvolvedor Web, equipe de trabalho unida e disposta. Ambiente em filiais agradável. Mais nada para acrescentar como ponto positivo. Apenas isso mesmo. Sem nada a acrescentar. ," Benefícios, salários baixos, falta de oportunidade, protecionismo, sem chance de crescimento, gerência incapacitada, empresa com pensamento pequeno   ",NA,0
Analista de Suporte Avançado," Empresa consolidada com muitos benefícios para os funcionários, ótimas oportunidades de crescimento. Ótimo ambiente de trabalho, com pessoas que aceitam suas sugestões. "," Por se tratar de uma empresa grande, algumas coisas são muito burocráticas. Existem muitos processos, o que pode tomar um pouco do seu tempo no dia a dia. A empresa possui um faturamento muito bom, porém as metas e a distribuição de lucros não são muito favoráveis aos funcionários.",NA,0
Desenvolvedor Java Sênior," Algumas oportunidades de aprender coisas novas. Dependendo do setor de trabalho a equipe pode ser boa. Não vejo muitos pontos bons, acho que por trabalhar com alocação temos a chance de ser contratados por uma empresa boa. "," Desvaloriza os funcionários, não tem plano de carreira, sem PLR. A empresa demite funcionários antigos para contratar estagiários e os vendem como sênior. ", A empresa deveria valorizar seus funcionários e não tratá-los apenas como um recurso descartável   ,0
Gerente de Projetos PMO," A cultura da empresa é muito legal, temos diversos treinamentos e suporte para realizar as atividades que nos são propostas, recomendo a Ericsson. "," Pressão indevida pelo fato da redução do quadro de funcionários, muitos estão sobrecarregados e estressados, isso acaba atrapalhando o desenvolvimento.   ",NA,1
Analista de Suporte Júnior, Empresa busca ter um bom clima. Os executivos são bastante atenciosos e mantém uma política de portas abertas. Boas instalações para o trabalho. ," Empresa possui Burocracia demasiada. As melhorias sugeridas acontecem de forma muito lenta. Os processos e decisões são geridos por poucas pessoas, há muita centralização.   ",NA,0
Programador Sênior," Ótimo aprendizado, empresa boa para iniciantes, boa estrutura aprendizado, empresa boa para iniciantes, boa estrutura Ótimo aprendizado, empresa boa para iniciantes, boa estrutura "," Pouca chance de crescimento, salário abaixo do mercado Pouca chance de crescimento, salário abaixo do mercado Pouca chance de crescimento, salário abaixo do mercado   ",NA,0
Analista de Projetos II, Tecnologias robóticas Amizades de pessoas do mesmo nível de hierarquia Fácil localização possibilidade de compras de ações Possui filiais em outros países para trabalhar ," Salários muito baixo, desvalorização dos funcionários Falta de oportunidade para carreiras liderança não incentiva os colaboradores a crescer",NA,0
Analista de Suporte PL," Não atrasa os pagamentos e benefícios, empresa bem estruturada, no geral gosto de trabalhar na empresa, porem poderia ser melhor, sem perspectiva de crescimento. "," Não existe fiscalização dos superiores na empresa. Plano de carreiras só acontece no papel, não recebo nem e-mail para uma possível candidatura em outra vaga.   ",NA,0
Gerente de Projetos (GP)," Horário flexível, não bate ponto, contato com colegas do exterior e prática do idioma inglês diariamente. Possibilidade de mudança para o exterior pela empresa. "," Muitos gerentes em cada time, a proporção em relação ao número de funcionários é muito alta. Embora tenha um plano de carreira bem definido e instruções de como ser promovido na empresa, as promoções não ocorrem de maneira totalmente clara e nem sempre as pessoas concordam com a maneira como esse assunto é tratado.   ",NA,0
Analista de Suporte," Ótimo pacote de benefícios, estrutura física excelente, auxílio educação, reconhecimento no mercado como líder. Inovação constante em tecnologia. "," Com o crescimento da empresa , foram criadas novas verticais para ampliar o faturamento e expandir a carteira de clientes. Porém, a cobrança por resultados não acompanha o planejamento realizado para atingir tal resultado. O que acaba por comprometer o desempenho do colaborador. "," Acompanhar o comportamento organizacional de novas Diretorias, que em alguns casos não refletem a proposta de cultura e clima organizacional que se propõe a Empresa   ",0
Analista de Sistemas, Cultura e valores bem definidos. As pessoas sao colaborativas e focadas em melhorar o que fazem internamente e para o cliente. Projetos desafiadores , A empresa poderia se adequar a pagar melhores salarios ou mais competitivos ao mercado. Outro ponto importante é a falta de clareza no processo de avaliacao ,NA,1
Analista de Suporte Técnico, Nenhuma. Nao tem como pensar em pontos positivos. Empresa mais baguncada no qual eu ja trabalhei. Infelizmente so tenho pontos negativos dessa empresa. ," Empresa nao cumpre o que foi acordado na entrevista. Desde o primeiro dia ate o ultimo tive problemas com beneficios e afins. Qualquer problema que o funcionario tiver sera sempre por chamado que demora 3 dias para ser respondido e ate a solução pode demorar meses ate.""",NA,1
Analista de Sistemas Desenvolvedor, - Flexibilidade de horários - Home office desburocratizado - Boa remuneração caso você negocie bem - Ambiente agradável e próximo ao metrô , - Não tem plano de carreira - Desparidade de salários para executar a mesma função - Benefícios padrões - Em certos momentos sede muito ao cliente e honera se mais os funcionários ," Atentar-se aos bons funcionários que muitas vezes não são tão bem remunerados, antes que os mesmos saiam.   ",0
Analista de Projetos Sênior," Ambiente de trabalho, home office, benefícios, salário, desafios, equipe de trabalho, eventos, crescimento, projetos, treinamentos e desenvolvimento "," Burocracia, gestão, comunicação do gestor, falta de oportunidades em Curitiba, falta de preparo de alguns profissionais, processos, qualidade de vida",NA,0
Analista de Suporte Técnico," Boa estabilidade, a empresa tem investimentos em novas tecnologias através do TOTVS Labs. Benefícios são os de mercado. A nova sede é muito legal, padrão Google. Várias unidades espalhadas pelo Brasil. "," Direcionamento tecnológico é ultrapassado... Apesar do clima ser legal na matriz, nas unidades não é o mesmo. Falta de direcionamento claro com relação as inovações. Muita política e pouca meritocracia. A burocracia é muito grande!   ",NA,0
Analista de Sistemas Pleno," Empresa com conceito jovem, muitos treinamentos e aberto a discussões, respeita seus clientes, faz de tudo para atender seu clientes de forma simples. ", Não tem .,NA,0
Gerente de Projetos," Ambiente agradavel, pessoas ajudam nas dificuldades liberdade de aprendizado treinamento constantes clima muito bom. Relacao boa com os gestores ", benefícios poderiam ser melhores essoas ajudam nas dificuldades liberdade de aprendizado treinamento constantes clima muito bom. Relacao boa com os gestores,NA,1
Analista de Suporte Técnico," Boa estabilidade, a empresa tem investimentos em novas tecnologias através do TOTVS Labs. Benefícios são os de mercado. A nova sede é muito legal, padrão Google. Várias unidades espalhadas pelo Brasil. "," Direcionamento tecnológico é ultrapassado... Apesar do clima ser legal na matriz, nas unidades não é o mesmo. Falta de direcionamento claro com relação as inovações. Muita política e pouca meritocracia. A burocracia é muito grande!",NA,0
Analista de Projetos Sênior," Ambiente de trabalho, home office, benefícios, salário, desafios, equipe de trabalho, eventos, crescimento, projetos, treinamentos e desenvolvimento "," Burocracia, gestão, comunicação do gestor, falta de oportunidades em Curitiba, falta de preparo de alguns profissionais, processos, qualidade de vida ",NA,0
